{"cameraMode":{"drawMode":0,"name":"Shaded","section":"Shading Mode"},"sceneLighting":false,"audioPlay":false,"sceneViewState":{"m_AlwaysRefresh":false,"showFog":false,"showSkybox":false,"showFlares":false,"showImageEffects":false,"showParticleSystems":false,"showVisualEffectGraphs":true,"m_FxEnabled":true},"in2DMode":false,"pivot":{"x":-0.20181649923324586,"y":-0.028619704768061639,"z":0.05426948145031929},"rotation":{"x":0.06208265572786331,"y":0.5161334872245789,"z":-0.037534233182668689,"w":0.8534535765647888},"size":0.4634695053100586,"orthographic":false}